1;01/05/2024 19:37:32�E�;;;;;;Conexi�n establecida;;;
2;01/05/2024 19:37:32�C�;;;;;;Se ha iniciado la grabaci�n, Host=GROPO�;;;
3;01/05/2024 19:38:26 a  S=0;Bajo;1.1.3;Z41 Pro ZONA 1 ZONA 2;0/0/2;HORA;73 26 1C | Wednesday, 19:38:28;6;GroupValueWrite;LL_ACK
4;01/05/2024 19:38:26 a  S=2;Bajo;1.1.3;Z41 Pro ZONA 1 ZONA 2;0/0/1;FECHA;01 05 18 | no day, 1:05:24;6;GroupValueWrite;LL_ACK
5;01/05/2024 19:39:51 a  S=4;Bajo;1.1.3;Z41 Pro ZONA 1 ZONA 2;1/1/1;ZONA 1 - AMBIENTE;06 90 | 16,8;6;GroupValueWrite;LL_ACK
6;01/05/2024 19:40:53 a  S=6;Bajo;1.1.1;KLIC-MITT v2;2/1/9;AA - TEMP. INTERNA;06 A4 | 17;6;GroupValueWrite;LL_ACK
7;01/05/2024 19:41:16 a  S=0;Bajo;1.1.7;Z35 ZONA 6;1/6/1;ZONA 6 - AMBIENTE;07 3A | 18,5;6;GroupValueWrite;LL_ACK
8;01/05/2024 19:42:05 a  S=2;Bajo;1.1.5;Z35 ZONA 4;1/4/1;ZONA 4 - AMBIENTE;07 3A | 18,5;6;GroupValueWrite;LL_ACK
9;01/05/2024 19:42:07 a  S=4;Bajo;1.1.4;Z35 ZONA 3;1/3/1;ZONA 3 - AMBIENTE;07 62 | 18,9;6;GroupValueWrite;LL_ACK
10;01/05/2024 19:42:22 a  S=6;Bajo;1.1.6;Z35 ZONA 5;1/5/1;ZONA 5 - AMBIENTE;07 BC | 19,8;6;GroupValueWrite;LL_ACK
11;01/05/2024 19:43:02 a  S=0;Bajo;1.1.3;Z41 Pro ZONA 1 ZONA 2;1/5/5;ZONA 5 - ON/OFF TERMOSTATO;$01 | Encender;6;GroupValueWrite;LL_ACK
12;01/05/2024 19:43:02 a  S=2;Bajo;1.1.6;Z35 ZONA 5;1/5/6;ZONA 5 - ON/OFF TERMOSTATO�;$01 | Encender;6;GroupValueWrite;LL_ACK
13;01/05/2024 19:43:02 a  S=4;Bajo;1.1.6;Z35 ZONA 5;1/5/7;ZONA 5 - ON/OFF DEMANDA;$01 | Encender;6;GroupValueWrite;LL_ACK
14;01/05/2024 19:43:02 a  S=6;Bajo;1.1.2;ZoningBOX 6;2/1/3;AA - CONSIGNA;06 A4 | 17;6;GroupValueWrite;LL_ACK
15;01/05/2024 19:43:02 a  S=0;Bajo;1.1.1;KLIC-MITT v2;2/1/4;AA - CONSIGNA FB;06 A4 | 17;6;GroupValueWrite;LL_ACK
16;01/05/2024 19:43:02 a  S=2;Bajo;1.1.2;ZoningBOX 6;1/5/8;ZONA 5 - REJILLA;$00 | Apagar;6;GroupValueWrite;
17;01/05/2024 19:43:02 a  R S=3;Bajo;1.1.2;ZoningBOX 6;1/5/8;ZONA 5 - REJILLA;$00 | Apagar;6;GroupValueWrite;
18;01/05/2024 19:43:02 a  R S=4;Bajo;1.1.2;ZoningBOX 6;1/5/8;ZONA 5 - REJILLA;$00 | Apagar;6;GroupValueWrite;
19;01/05/2024 19:43:02 a  R S=5;Bajo;1.1.2;ZoningBOX 6;1/5/8;ZONA 5 - REJILLA;$00 | Apagar;6;GroupValueWrite;
20;01/05/2024 19:43:02 a  S=6;Bajo;1.1.3;Z41 Pro ZONA 1 ZONA 2;1/5/6;ZONA 5 - ON/OFF TERMOSTATO�;$01 | Encender;6;GroupValueWrite;LL_ACK
21;01/05/2024 19:43:05 a  S=0;Bajo;1.1.2;ZoningBOX 6;1/5/9;ZONA 5 - REJILLA FB;$00 | Apagar;6;GroupValueWrite;
22;01/05/2024 19:43:05 a  R S=1;Bajo;1.1.2;ZoningBOX 6;1/5/9;ZONA 5 - REJILLA FB;$00 | Apagar;6;GroupValueWrite;
23;01/05/2024 19:43:05 a  R S=2;Bajo;1.1.2;ZoningBOX 6;1/5/9;ZONA 5 - REJILLA FB;$00 | Apagar;6;GroupValueWrite;
24;01/05/2024 19:43:05 a  R S=3;Bajo;1.1.2;ZoningBOX 6;1/5/9;ZONA 5 - REJILLA FB;$00 | Apagar;6;GroupValueWrite;
25;01/05/2024 19:43:05 a  S=4;Bajo;1.1.2;ZoningBOX 6;2/1/3;AA - CONSIGNA;0C 1A | 21;6;GroupValueWrite;LL_ACK
26;01/05/2024 19:43:05 a  S=6;Bajo;1.1.1;KLIC-MITT v2;2/1/4;AA - CONSIGNA FB;0C 1A | 21;6;GroupValueWrite;LL_ACK
27;01/05/2024 19:43:06 a  S=0;Bajo;1.1.2;ZoningBOX 6;2/1/1;AA - ON/OFF;$01 | Encender;6;GroupValueWrite;LL_ACK
28;01/05/2024 19:43:06 a  S=2;Bajo;1.1.1;KLIC-MITT v2;2/1/2;AA - ON/OFF FB;$01 | Encender;6;GroupValueWrite;LL_ACK
29;01/05/2024 19:43:58 a  S=4;Bajo;1.1.1;KLIC-MITT v2;2/1/9;AA - TEMP. INTERNA;06 40 | 16;6;GroupValueWrite;LL_ACK
30;01/05/2024 19:43:58 a  S=6;Bajo;1.1.2;ZoningBOX 6;2/1/3;AA - CONSIGNA;07 D0 | 20;6;GroupValueWrite;LL_ACK
31;01/05/2024 19:43:58 a  S=0;Bajo;1.1.1;KLIC-MITT v2;2/1/4;AA - CONSIGNA FB;07 D0 | 20;6;GroupValueWrite;LL_ACK
32;01/05/2024 19:44:19 a  S=2;Bajo;1.1.1;KLIC-MITT v2;2/1/9;AA - TEMP. INTERNA;06 A4 | 17;6;GroupValueWrite;LL_ACK
33;01/05/2024 19:44:19 a  S=4;Bajo;1.1.2;ZoningBOX 6;2/1/3;AA - CONSIGNA;0C 1A | 21;6;GroupValueWrite;LL_ACK
34;01/05/2024 19:44:19 a  S=6;Bajo;1.1.1;KLIC-MITT v2;2/1/4;AA - CONSIGNA FB;0C 1A | 21;6;GroupValueWrite;LL_ACK
35;01/05/2024 19:44:48 a  S=0;Bajo;1.1.1;KLIC-MITT v2;2/1/9;AA - TEMP. INTERNA;06 40 | 16;6;GroupValueWrite;LL_ACK
36;01/05/2024 19:44:48 a  S=2;Bajo;1.1.2;ZoningBOX 6;2/1/3;AA - CONSIGNA;07 D0 | 20;6;GroupValueWrite;LL_ACK
37;01/05/2024 19:44:48 a  S=4;Bajo;1.1.1;KLIC-MITT v2;2/1/4;AA - CONSIGNA FB;07 D0 | 20;6;GroupValueWrite;LL_ACK
38;01/05/2024 19:44:51 a  S=6;Bajo;1.1.3;Z41 Pro ZONA 1 ZONA 2;1/1/1;ZONA 1 - AMBIENTE;06 7C | 16,6;6;GroupValueWrite;LL_ACK
39;01/05/2024 19:45:07 a  S=0;Bajo;1.1.1;KLIC-MITT v2;2/1/9;AA - TEMP. INTERNA;06 A4 | 17;6;GroupValueWrite;LL_ACK
40;01/05/2024 19:45:07 a  S=2;Bajo;1.1.2;ZoningBOX 6;2/1/3;AA - CONSIGNA;0C 1A | 21;6;GroupValueWrite;LL_ACK
41;01/05/2024 19:45:07 a  S=4;Bajo;1.1.1;KLIC-MITT v2;2/1/4;AA - CONSIGNA FB;0C 1A | 21;6;GroupValueWrite;LL_ACK
42;01/05/2024 19:45:39 a  S=6;Bajo;1.1.3;Z41 Pro ZONA 1 ZONA 2;1/1/1;ZONA 1 - AMBIENTE;06 18 | 15,6;6;GroupValueWrite;LL_ACK
43;01/05/2024 19:45:50 a  S=0;Bajo;1.1.1;KLIC-MITT v2;2/1/9;AA - TEMP. INTERNA;07 08 | 18;6;GroupValueWrite;LL_ACK
44;01/05/2024 19:45:50 a  S=2;Bajo;1.1.2;ZoningBOX 6;2/1/3;AA - CONSIGNA;0C 4C | 22;6;GroupValueWrite;LL_ACK
45;01/05/2024 19:45:50 a  S=4;Bajo;1.1.1;KLIC-MITT v2;2/1/4;AA - CONSIGNA FB;0C 4C | 22;6;GroupValueWrite;LL_ACK
46;01/05/2024 19:45:53 a  S=6;Bajo;1.1.1;KLIC-MITT v2;2/1/9;AA - TEMP. INTERNA;07 08 | 18;6;GroupValueWrite;LL_ACK
47;01/05/2024 19:46:16 a  S=0;Bajo;1.1.7;Z35 ZONA 6;1/6/1;ZONA 6 - AMBIENTE;07 26 | 18,3;6;GroupValueWrite;LL_ACK
48;01/05/2024 19:47:05 a  S=2;Bajo;1.1.5;Z35 ZONA 4;1/4/1;ZONA 4 - AMBIENTE;07 1C | 18,2;6;GroupValueWrite;LL_ACK
49;01/05/2024 19:47:07 a  S=4;Bajo;1.1.4;Z35 ZONA 3;1/3/1;ZONA 3 - AMBIENTE;07 58 | 18,8;6;GroupValueWrite;LL_ACK
50;01/05/2024 19:47:22 a  S=6;Bajo;1.1.6;Z35 ZONA 5;1/5/1;ZONA 5 - AMBIENTE;07 C6 | 19,9;6;GroupValueWrite;LL_ACK
51;01/05/2024 19:47:34 a  S=0;Bajo;1.1.1;KLIC-MITT v2;2/1/9;AA - TEMP. INTERNA;07 6C | 19;6;GroupValueWrite;LL_ACK
52;01/05/2024 19:47:34 a  S=2;Bajo;1.1.2;ZoningBOX 6;2/1/3;AA - CONSIGNA;0C 7E | 23;6;GroupValueWrite;LL_ACK
53;01/05/2024 19:47:34 a  S=4;Bajo;1.1.1;KLIC-MITT v2;2/1/4;AA - CONSIGNA FB;0C 7E | 23;6;GroupValueWrite;LL_ACK
54;01/05/2024 19:48:01 a  S=6;Bajo;1.1.6;Z35 ZONA 5;1/5/7;ZONA 5 - ON/OFF DEMANDA;$01 | Encender;6;GroupValueWrite;LL_ACK
55;01/05/2024 19:48:26 a  S=0;Bajo;1.1.3;Z41 Pro ZONA 1 ZONA 2;0/0/2;HORA;73 30 1C | Wednesday, 19:48:28;6;GroupValueWrite;LL_ACK
56;01/05/2024 19:48:26 a  S=2;Bajo;1.1.3;Z41 Pro ZONA 1 ZONA 2;0/0/1;FECHA;01 05 18 | no day, 1:05:24;6;GroupValueWrite;LL_ACK
57;01/05/2024 19:49:08 a  S=4;Bajo;1.1.1;KLIC-MITT v2;2/1/9;AA - TEMP. INTERNA;07 D0 | 20;6;GroupValueWrite;LL_ACK
58;01/05/2024 19:49:08 a  S=6;Bajo;1.1.2;ZoningBOX 6;2/1/3;AA - CONSIGNA;0C B0 | 24;6;GroupValueWrite;LL_ACK
59;01/05/2024 19:49:08 a  S=0;Bajo;1.1.1;KLIC-MITT v2;2/1/4;AA - CONSIGNA FB;0C B0 | 24;6;GroupValueWrite;LL_ACK
60;01/05/2024 19:49:24 a  S=2;Bajo;1.1.6;Z35 ZONA 5;1/5/5;ZONA 5 - ON/OFF TERMOSTATO;$00 | Apagar;6;GroupValueWrite;LL_ACK
61;01/05/2024 19:49:24 a  S=4;Bajo;1.1.6;Z35 ZONA 5;1/5/6;ZONA 5 - ON/OFF TERMOSTATO�;$00 | Apagar;6;GroupValueWrite;LL_ACK
62;01/05/2024 19:49:24 a  S=6;Bajo;1.1.6;Z35 ZONA 5;1/5/7;ZONA 5 - ON/OFF DEMANDA;$00 | Apagar;6;GroupValueWrite;LL_ACK
63;01/05/2024 19:49:24 a  S=0;Bajo;1.1.2;ZoningBOX 6;2/1/1;AA - ON/OFF;$00 | Apagar;6;GroupValueWrite;LL_ACK
64;01/05/2024 19:49:24 a  S=2;Bajo;1.1.1;KLIC-MITT v2;2/1/2;AA - ON/OFF FB;$00 | Apagar;6;GroupValueWrite;LL_ACK
65;01/05/2024 19:49:25 a  S=4;Bajo;1.1.2;ZoningBOX 6;1/5/8;ZONA 5 - REJILLA;$01 | Encender;6;GroupValueWrite;
66;01/05/2024 19:49:25 a  R S=5;Bajo;1.1.2;ZoningBOX 6;1/5/8;ZONA 5 - REJILLA;$01 | Encender;6;GroupValueWrite;
67;01/05/2024 19:49:25 a  R S=6;Bajo;1.1.2;ZoningBOX 6;1/5/8;ZONA 5 - REJILLA;$01 | Encender;6;GroupValueWrite;
68;01/05/2024 19:49:25 a  R S=7;Bajo;1.1.2;ZoningBOX 6;1/5/8;ZONA 5 - REJILLA;$01 | Encender;6;GroupValueWrite;
69;01/05/2024 19:49:28 a  S=0;Bajo;1.1.2;ZoningBOX 6;1/5/9;ZONA 5 - REJILLA FB;$01 | Encender;6;GroupValueWrite;
70;01/05/2024 19:49:28 a  R S=1;Bajo;1.1.2;ZoningBOX 6;1/5/9;ZONA 5 - REJILLA FB;$01 | Encender;6;GroupValueWrite;
71;01/05/2024 19:49:28 a  R S=2;Bajo;1.1.2;ZoningBOX 6;1/5/9;ZONA 5 - REJILLA FB;$01 | Encender;6;GroupValueWrite;
72;01/05/2024 19:49:28 a  R S=3;Bajo;1.1.2;ZoningBOX 6;1/5/9;ZONA 5 - REJILLA FB;$01 | Encender;6;GroupValueWrite;
73;01/05/2024 19:49:28 a  S=4;Bajo;1.1.2;ZoningBOX 6;2/1/3;AA - CONSIGNA;07 D0 | 20;6;GroupValueWrite;LL_ACK
74;01/05/2024 19:49:28 a  S=6;Bajo;1.1.1;KLIC-MITT v2;2/1/4;AA - CONSIGNA FB;07 D0 | 20;6;GroupValueWrite;LL_ACK
75;01/05/2024 19:50:38 a  S=0;Bajo;1.1.3;Z41 Pro ZONA 1 ZONA 2;1/1/1;ZONA 1 - AMBIENTE;06 18 | 15,6;6;GroupValueWrite;LL_ACK
76;01/05/2024 19:50:45 a  S=2;Bajo;1.1.1;KLIC-MITT v2;2/1/9;AA - TEMP. INTERNA;07 6C | 19;6;GroupValueWrite;LL_ACK
77;01/05/2024 19:50:54 a  S=4;Bajo;1.1.1;KLIC-MITT v2;2/1/9;AA - TEMP. INTERNA;07 6C | 19;6;GroupValueWrite;LL_ACK
78;01/05/2024 19:51:16 a  S=6;Bajo;1.1.7;Z35 ZONA 6;1/6/1;ZONA 6 - AMBIENTE;07 44 | 18,6;6;GroupValueWrite;LL_ACK
79;01/05/2024 19:52:05 a  S=0;Bajo;1.1.5;Z35 ZONA 4;1/4/1;ZONA 4 - AMBIENTE;07 30 | 18,4;6;GroupValueWrite;LL_ACK
80;01/05/2024 19:52:07 a  S=2;Bajo;1.1.4;Z35 ZONA 3;1/3/1;ZONA 3 - AMBIENTE;07 58 | 18,8;6;GroupValueWrite;LL_ACK
81;01/05/2024 19:52:10 a  S=4;Bajo;1.1.3;Z41 Pro ZONA 1 ZONA 2;1/1/1;ZONA 1 - AMBIENTE;06 7C | 16,6;6;GroupValueWrite;LL_ACK
82;01/05/2024 19:52:22 a  S=6;Bajo;1.1.6;Z35 ZONA 5;1/5/1;ZONA 5 - AMBIENTE;07 EE | 20,3;6;GroupValueWrite;LL_ACK
83;01/05/2024 19:55:54 a  S=0;Bajo;1.1.1;KLIC-MITT v2;2/1/9;AA - TEMP. INTERNA;07 6C | 19;6;GroupValueWrite;LL_ACK
84;01/05/2024 19:56:16 a  S=2;Bajo;1.1.7;Z35 ZONA 6;1/6/1;ZONA 6 - AMBIENTE;07 44 | 18,6;6;GroupValueWrite;LL_ACK
85;01/05/2024 19:57:05 a  S=4;Bajo;1.1.5;Z35 ZONA 4;1/4/1;ZONA 4 - AMBIENTE;07 3A | 18,5;6;GroupValueWrite;LL_ACK
86;01/05/2024 19:57:07 a  S=6;Bajo;1.1.4;Z35 ZONA 3;1/3/1;ZONA 3 - AMBIENTE;07 62 | 18,9;6;GroupValueWrite;LL_ACK
87;01/05/2024 19:57:10 a  S=0;Bajo;1.1.3;Z41 Pro ZONA 1 ZONA 2;1/1/1;ZONA 1 - AMBIENTE;06 A4 | 17;6;GroupValueWrite;LL_ACK
88;01/05/2024 19:57:22 a  S=2;Bajo;1.1.6;Z35 ZONA 5;1/5/1;ZONA 5 - AMBIENTE;07 E4 | 20,2;6;GroupValueWrite;LL_ACK
89;01/05/2024 19:58:26 a  S=4;Bajo;1.1.3;Z41 Pro ZONA 1 ZONA 2;0/0/2;HORA;73 3A 1C | Wednesday, 19:58:28;6;GroupValueWrite;LL_ACK
90;01/05/2024 19:58:26 a  S=6;Bajo;1.1.3;Z41 Pro ZONA 1 ZONA 2;0/0/1;FECHA;01 05 18 | no day, 1:05:24;6;GroupValueWrite;LL_ACK
91;01/05/2024 19:58:30 a  S=0;Bajo;1.1.1;KLIC-MITT v2;2/1/9;AA - TEMP. INTERNA;07 08 | 18;6;GroupValueWrite;LL_ACK
92;01/05/2024 19:59:07 a  S=2;Bajo;1.1.1;KLIC-MITT v2;2/1/9;AA - TEMP. INTERNA;07 6C | 19;6;GroupValueWrite;LL_ACK
93;01/05/2024 19:59:29 a  S=4;Bajo;1.1.1;KLIC-MITT v2;2/1/9;AA - TEMP. INTERNA;07 08 | 18;6;GroupValueWrite;LL_ACK
94;01/05/2024 19:59:47 a  S=6;Bajo;1.1.1;KLIC-MITT v2;2/1/9;AA - TEMP. INTERNA;07 6C | 19;6;GroupValueWrite;LL_ACK
95;01/05/2024 20:00:00 a  S=0;Bajo;1.1.1;KLIC-MITT v2;2/1/9;AA - TEMP. INTERNA;07 08 | 18;6;GroupValueWrite;LL_ACK
96;01/05/2024 20:00:54 a  S=2;Bajo;1.1.1;KLIC-MITT v2;2/1/9;AA - TEMP. INTERNA;07 08 | 18;6;GroupValueWrite;LL_ACK
97;01/05/2024 20:01:16 a  S=4;Bajo;1.1.7;Z35 ZONA 6;1/6/1;ZONA 6 - AMBIENTE;07 4E | 18,7;6;GroupValueWrite;LL_ACK
98;01/05/2024 20:02:05 a  S=6;Bajo;1.1.5;Z35 ZONA 4;1/4/1;ZONA 4 - AMBIENTE;07 44 | 18,6;6;GroupValueWrite;LL_ACK
99;01/05/2024 20:02:07 a  S=0;Bajo;1.1.4;Z35 ZONA 3;1/3/1;ZONA 3 - AMBIENTE;07 62 | 18,9;6;GroupValueWrite;LL_ACK
100;01/05/2024 20:02:10 a  S=2;Bajo;1.1.3;Z41 Pro ZONA 1 ZONA 2;1/1/1;ZONA 1 - AMBIENTE;06 AE | 17,1;6;GroupValueWrite;LL_ACK
101;01/05/2024 20:02:23 a  S=4;Bajo;1.1.6;Z35 ZONA 5;1/5/1;ZONA 5 - AMBIENTE;07 D0 | 20;6;GroupValueWrite;LL_ACK
102;01/05/2024 20:05:54 a  S=6;Bajo;1.1.1;KLIC-MITT v2;2/1/9;AA - TEMP. INTERNA;07 08 | 18;6;GroupValueWrite;LL_ACK
103;01/05/2024 20:06:16 a  S=0;Bajo;1.1.7;Z35 ZONA 6;1/6/1;ZONA 6 - AMBIENTE;07 4E | 18,7;6;GroupValueWrite;LL_ACK
104;01/05/2024 20:07:05 a  S=2;Bajo;1.1.5;Z35 ZONA 4;1/4/1;ZONA 4 - AMBIENTE;07 44 | 18,6;6;GroupValueWrite;LL_ACK
105;01/05/2024 20:07:07 a  S=4;Bajo;1.1.4;Z35 ZONA 3;1/3/1;ZONA 3 - AMBIENTE;07 62 | 18,9;6;GroupValueWrite;LL_ACK
106;01/05/2024 20:07:10 a  S=6;Bajo;1.1.3;Z41 Pro ZONA 1 ZONA 2;1/1/1;ZONA 1 - AMBIENTE;06 B8 | 17,2;6;GroupValueWrite;LL_ACK
107;01/05/2024 20:07:23 a  S=0;Bajo;1.1.6;Z35 ZONA 5;1/5/1;ZONA 5 - AMBIENTE;07 C6 | 19,9;6;GroupValueWrite;LL_ACK
108;01/05/2024 20:08:26 a  S=2;Bajo;1.1.3;Z41 Pro ZONA 1 ZONA 2;0/0/2;HORA;74 08 1C | Wednesday, 20:08:28;6;GroupValueWrite;LL_ACK
109;01/05/2024 20:08:26 a  S=4;Bajo;1.1.3;Z41 Pro ZONA 1 ZONA 2;0/0/1;FECHA;01 05 18 | no day, 1:05:24;6;GroupValueWrite;LL_ACK
110;01/05/2024 20:10:54 a  S=6;Bajo;1.1.1;KLIC-MITT v2;2/1/9;AA - TEMP. INTERNA;07 08 | 18;6;GroupValueWrite;LL_ACK
111;01/05/2024 20:11:16 a  S=0;Bajo;1.1.7;Z35 ZONA 6;1/6/1;ZONA 6 - AMBIENTE;07 4E | 18,7;6;GroupValueWrite;LL_ACK
112;01/05/2024 20:12:05 a  S=2;Bajo;1.1.5;Z35 ZONA 4;1/4/1;ZONA 4 - AMBIENTE;07 44 | 18,6;6;GroupValueWrite;LL_ACK
113;01/05/2024 20:12:07 a  S=4;Bajo;1.1.4;Z35 ZONA 3;1/3/1;ZONA 3 - AMBIENTE;07 62 | 18,9;6;GroupValueWrite;LL_ACK
114;01/05/2024 20:12:10 a  S=6;Bajo;1.1.3;Z41 Pro ZONA 1 ZONA 2;1/1/1;ZONA 1 - AMBIENTE;06 B8 | 17,2;6;GroupValueWrite;LL_ACK
115;01/05/2024 20:12:23 a  S=0;Bajo;1.1.6;Z35 ZONA 5;1/5/1;ZONA 5 - AMBIENTE;07 BC | 19,8;6;GroupValueWrite;LL_ACK
116;01/05/2024 20:15:54 a  S=2;Bajo;1.1.1;KLIC-MITT v2;2/1/9;AA - TEMP. INTERNA;07 08 | 18;6;GroupValueWrite;LL_ACK
117;01/05/2024 20:16:16 a  S=4;Bajo;1.1.7;Z35 ZONA 6;1/6/1;ZONA 6 - AMBIENTE;07 4E | 18,7;6;GroupValueWrite;LL_ACK
118;01/05/2024 20:17:05 a  S=6;Bajo;1.1.5;Z35 ZONA 4;1/4/1;ZONA 4 - AMBIENTE;07 44 | 18,6;6;GroupValueWrite;LL_ACK
119;01/05/2024 20:17:07 a  S=0;Bajo;1.1.4;Z35 ZONA 3;1/3/1;ZONA 3 - AMBIENTE;07 62 | 18,9;6;GroupValueWrite;LL_ACK
120;01/05/2024 20:17:10 a  S=2;Bajo;1.1.3;Z41 Pro ZONA 1 ZONA 2;1/1/1;ZONA 1 - AMBIENTE;06 C2 | 17,3;6;GroupValueWrite;LL_ACK
121;01/05/2024 20:17:23 a  S=4;Bajo;1.1.6;Z35 ZONA 5;1/5/1;ZONA 5 - AMBIENTE;07 B2 | 19,7;6;GroupValueWrite;LL_ACK
122;01/05/2024 20:18:26 a  S=6;Bajo;1.1.3;Z41 Pro ZONA 1 ZONA 2;0/0/2;HORA;74 12 1C | Wednesday, 20:18:28;6;GroupValueWrite;LL_ACK
123;01/05/2024 20:18:26 a  S=0;Bajo;1.1.3;Z41 Pro ZONA 1 ZONA 2;0/0/1;FECHA;01 05 18 | no day, 1:05:24;6;GroupValueWrite;LL_ACK
124;01/05/2024 20:20:54 a  S=2;Bajo;1.1.1;KLIC-MITT v2;2/1/9;AA - TEMP. INTERNA;07 08 | 18;6;GroupValueWrite;LL_ACK
125;01/05/2024 20:21:16 a  S=4;Bajo;1.1.7;Z35 ZONA 6;1/6/1;ZONA 6 - AMBIENTE;07 4E | 18,7;6;GroupValueWrite;LL_ACK
126;01/05/2024 20:22:05 a  S=6;Bajo;1.1.5;Z35 ZONA 4;1/4/1;ZONA 4 - AMBIENTE;07 44 | 18,6;6;GroupValueWrite;LL_ACK
127;01/05/2024 20:22:07 a  S=0;Bajo;1.1.4;Z35 ZONA 3;1/3/1;ZONA 3 - AMBIENTE;07 62 | 18,9;6;GroupValueWrite;LL_ACK
128;01/05/2024 20:22:10 a  S=2;Bajo;1.1.3;Z41 Pro ZONA 1 ZONA 2;1/1/1;ZONA 1 - AMBIENTE;06 B8 | 17,2;6;GroupValueWrite;LL_ACK
129;01/05/2024 20:22:23 a  S=4;Bajo;1.1.6;Z35 ZONA 5;1/5/1;ZONA 5 - AMBIENTE;07 B2 | 19,7;6;GroupValueWrite;LL_ACK
130;01/05/2024 20:25:54 a  S=6;Bajo;1.1.1;KLIC-MITT v2;2/1/9;AA - TEMP. INTERNA;07 08 | 18;6;GroupValueWrite;LL_ACK
131;01/05/2024 20:26:16 a  S=0;Bajo;1.1.7;Z35 ZONA 6;1/6/1;ZONA 6 - AMBIENTE;07 44 | 18,6;6;GroupValueWrite;LL_ACK
132;01/05/2024 20:27:05 a  S=2;Bajo;1.1.5;Z35 ZONA 4;1/4/1;ZONA 4 - AMBIENTE;07 44 | 18,6;6;GroupValueWrite;LL_ACK
133;01/05/2024 20:27:07 a  S=4;Bajo;1.1.4;Z35 ZONA 3;1/3/1;ZONA 3 - AMBIENTE;07 62 | 18,9;6;GroupValueWrite;LL_ACK
134;01/05/2024 20:27:10 a  S=6;Bajo;1.1.3;Z41 Pro ZONA 1 ZONA 2;1/1/1;ZONA 1 - AMBIENTE;06 C2 | 17,3;6;GroupValueWrite;LL_ACK
135;01/05/2024 20:27:23 a  S=0;Bajo;1.1.6;Z35 ZONA 5;1/5/1;ZONA 5 - AMBIENTE;07 BC | 19,8;6;GroupValueWrite;LL_ACK
136;01/05/2024 20:28:26 a  S=2;Bajo;1.1.3;Z41 Pro ZONA 1 ZONA 2;0/0/2;HORA;74 1C 1C | Wednesday, 20:28:28;6;GroupValueWrite;LL_ACK
137;01/05/2024 20:28:26 a  S=4;Bajo;1.1.3;Z41 Pro ZONA 1 ZONA 2;0/0/1;FECHA;01 05 18 | no day, 1:05:24;6;GroupValueWrite;LL_ACK
138;01/05/2024 20:30:54 a  S=6;Bajo;1.1.1;KLIC-MITT v2;2/1/9;AA - TEMP. INTERNA;07 08 | 18;6;GroupValueWrite;LL_ACK
139;01/05/2024 20:31:16 a  S=0;Bajo;1.1.7;Z35 ZONA 6;1/6/1;ZONA 6 - AMBIENTE;07 44 | 18,6;6;GroupValueWrite;LL_ACK
140;01/05/2024 20:32:05 a  S=2;Bajo;1.1.5;Z35 ZONA 4;1/4/1;ZONA 4 - AMBIENTE;07 44 | 18,6;6;GroupValueWrite;LL_ACK
141;01/05/2024 20:32:07 a  S=4;Bajo;1.1.4;Z35 ZONA 3;1/3/1;ZONA 3 - AMBIENTE;07 62 | 18,9;6;GroupValueWrite;LL_ACK
142;01/05/2024 20:32:10 a  S=6;Bajo;1.1.3;Z41 Pro ZONA 1 ZONA 2;1/1/1;ZONA 1 - AMBIENTE;06 CC | 17,4;6;GroupValueWrite;LL_ACK
143;01/05/2024 20:32:23 a  S=0;Bajo;1.1.6;Z35 ZONA 5;1/5/1;ZONA 5 - AMBIENTE;07 BC | 19,8;6;GroupValueWrite;LL_ACK
144;01/05/2024 20:35:54 a  S=2;Bajo;1.1.1;KLIC-MITT v2;2/1/9;AA - TEMP. INTERNA;07 08 | 18;6;GroupValueWrite;LL_ACK
145;01/05/2024 20:36:16 a  S=4;Bajo;1.1.7;Z35 ZONA 6;1/6/1;ZONA 6 - AMBIENTE;07 44 | 18,6;6;GroupValueWrite;LL_ACK
146;01/05/2024 20:37:05 a  S=6;Bajo;1.1.5;Z35 ZONA 4;1/4/1;ZONA 4 - AMBIENTE;07 44 | 18,6;6;GroupValueWrite;LL_ACK
147;01/05/2024 20:37:07 a  S=0;Bajo;1.1.4;Z35 ZONA 3;1/3/1;ZONA 3 - AMBIENTE;07 62 | 18,9;6;GroupValueWrite;LL_ACK
148;01/05/2024 20:37:10 a  S=2;Bajo;1.1.3;Z41 Pro ZONA 1 ZONA 2;1/1/1;ZONA 1 - AMBIENTE;06 C2 | 17,3;6;GroupValueWrite;LL_ACK
149;01/05/2024 20:37:23 a  S=4;Bajo;1.1.6;Z35 ZONA 5;1/5/1;ZONA 5 - AMBIENTE;07 B2 | 19,7;6;GroupValueWrite;LL_ACK
150;01/05/2024 20:38:26 a  S=6;Bajo;1.1.3;Z41 Pro ZONA 1 ZONA 2;0/0/2;HORA;74 26 1C | Wednesday, 20:38:28;6;GroupValueWrite;LL_ACK
151;01/05/2024 20:38:26 a  S=0;Bajo;1.1.3;Z41 Pro ZONA 1 ZONA 2;0/0/1;FECHA;01 05 18 | no day, 1:05:24;6;GroupValueWrite;LL_ACK
152;01/05/2024 20:40:54 a  S=2;Bajo;1.1.1;KLIC-MITT v2;2/1/9;AA - TEMP. INTERNA;07 08 | 18;6;GroupValueWrite;LL_ACK
153;01/05/2024 20:41:16 a  S=4;Bajo;1.1.7;Z35 ZONA 6;1/6/1;ZONA 6 - AMBIENTE;07 44 | 18,6;6;GroupValueWrite;LL_ACK
154;01/05/2024 20:42:05 a  S=6;Bajo;1.1.5;Z35 ZONA 4;1/4/1;ZONA 4 - AMBIENTE;07 44 | 18,6;6;GroupValueWrite;LL_ACK
155;01/05/2024 20:42:08 a  S=0;Bajo;1.1.4;Z35 ZONA 3;1/3/1;ZONA 3 - AMBIENTE;07 62 | 18,9;6;GroupValueWrite;LL_ACK
156;01/05/2024 20:42:10 a  S=2;Bajo;1.1.3;Z41 Pro ZONA 1 ZONA 2;1/1/1;ZONA 1 - AMBIENTE;06 C2 | 17,3;6;GroupValueWrite;LL_ACK
157;01/05/2024 20:42:23 a  S=4;Bajo;1.1.6;Z35 ZONA 5;1/5/1;ZONA 5 - AMBIENTE;07 A8 | 19,6;6;GroupValueWrite;LL_ACK
158;01/05/2024 20:45:54 a  S=6;Bajo;1.1.1;KLIC-MITT v2;2/1/9;AA - TEMP. INTERNA;07 08 | 18;6;GroupValueWrite;LL_ACK
159;01/05/2024 20:46:16 a  S=0;Bajo;1.1.7;Z35 ZONA 6;1/6/1;ZONA 6 - AMBIENTE;07 44 | 18,6;6;GroupValueWrite;LL_ACK
160;01/05/2024 20:47:05 a  S=2;Bajo;1.1.5;Z35 ZONA 4;1/4/1;ZONA 4 - AMBIENTE;07 44 | 18,6;6;GroupValueWrite;LL_ACK
161;01/05/2024 20:47:08 a  S=4;Bajo;1.1.4;Z35 ZONA 3;1/3/1;ZONA 3 - AMBIENTE;07 62 | 18,9;6;GroupValueWrite;LL_ACK
162;01/05/2024 20:47:10 a  S=6;Bajo;1.1.3;Z41 Pro ZONA 1 ZONA 2;1/1/1;ZONA 1 - AMBIENTE;06 C2 | 17,3;6;GroupValueWrite;LL_ACK
163;01/05/2024 20:47:23 a  S=0;Bajo;1.1.6;Z35 ZONA 5;1/5/1;ZONA 5 - AMBIENTE;07 A8 | 19,6;6;GroupValueWrite;LL_ACK
164;01/05/2024 20:48:26 a  S=2;Bajo;1.1.3;Z41 Pro ZONA 1 ZONA 2;0/0/2;HORA;74 30 1C | Wednesday, 20:48:28;6;GroupValueWrite;LL_ACK
165;01/05/2024 20:48:26 a  S=4;Bajo;1.1.3;Z41 Pro ZONA 1 ZONA 2;0/0/1;FECHA;01 05 18 | no day, 1:05:24;6;GroupValueWrite;LL_ACK
166;01/05/2024 20:50:54 a  S=6;Bajo;1.1.1;KLIC-MITT v2;2/1/9;AA - TEMP. INTERNA;07 08 | 18;6;GroupValueWrite;LL_ACK
167;01/05/2024 20:51:16 a  S=0;Bajo;1.1.7;Z35 ZONA 6;1/6/1;ZONA 6 - AMBIENTE;07 44 | 18,6;6;GroupValueWrite;LL_ACK
168;01/05/2024 20:52:05 a  S=2;Bajo;1.1.5;Z35 ZONA 4;1/4/1;ZONA 4 - AMBIENTE;07 44 | 18,6;6;GroupValueWrite;LL_ACK
169;01/05/2024 20:52:08 a  S=4;Bajo;1.1.4;Z35 ZONA 3;1/3/1;ZONA 3 - AMBIENTE;07 62 | 18,9;6;GroupValueWrite;LL_ACK
170;01/05/2024 20:52:10 a  S=6;Bajo;1.1.3;Z41 Pro ZONA 1 ZONA 2;1/1/1;ZONA 1 - AMBIENTE;06 B8 | 17,2;6;GroupValueWrite;LL_ACK
171;01/05/2024 20:52:23 a  S=0;Bajo;1.1.6;Z35 ZONA 5;1/5/1;ZONA 5 - AMBIENTE;07 9E | 19,5;6;GroupValueWrite;LL_ACK
172;01/05/2024 20:55:55 a  S=2;Bajo;1.1.1;KLIC-MITT v2;2/1/9;AA - TEMP. INTERNA;07 08 | 18;6;GroupValueWrite;LL_ACK
173;01/05/2024 20:56:16 a  S=4;Bajo;1.1.7;Z35 ZONA 6;1/6/1;ZONA 6 - AMBIENTE;07 44 | 18,6;6;GroupValueWrite;LL_ACK
174;01/05/2024 20:57:05 a  S=6;Bajo;1.1.5;Z35 ZONA 4;1/4/1;ZONA 4 - AMBIENTE;07 44 | 18,6;6;GroupValueWrite;LL_ACK
175;01/05/2024 20:57:08 a  S=0;Bajo;1.1.4;Z35 ZONA 3;1/3/1;ZONA 3 - AMBIENTE;07 62 | 18,9;6;GroupValueWrite;LL_ACK
176;01/05/2024 20:57:10 a  S=2;Bajo;1.1.3;Z41 Pro ZONA 1 ZONA 2;1/1/1;ZONA 1 - AMBIENTE;06 B8 | 17,2;6;GroupValueWrite;LL_ACK
177;01/05/2024 20:57:23 a  S=4;Bajo;1.1.6;Z35 ZONA 5;1/5/1;ZONA 5 - AMBIENTE;07 9E | 19,5;6;GroupValueWrite;LL_ACK
178;01/05/2024 20:58:26 a  S=6;Bajo;1.1.3;Z41 Pro ZONA 1 ZONA 2;0/0/2;HORA;74 3A 1C | Wednesday, 20:58:28;6;GroupValueWrite;LL_ACK
179;01/05/2024 20:58:26 a  S=0;Bajo;1.1.3;Z41 Pro ZONA 1 ZONA 2;0/0/1;FECHA;01 05 18 | no day, 1:05:24;6;GroupValueWrite;LL_ACK
180;01/05/2024 21:00:55 a  S=2;Bajo;1.1.1;KLIC-MITT v2;2/1/9;AA - TEMP. INTERNA;07 08 | 18;6;GroupValueWrite;LL_ACK
181;01/05/2024 21:01:16 a  S=4;Bajo;1.1.7;Z35 ZONA 6;1/6/1;ZONA 6 - AMBIENTE;07 44 | 18,6;6;GroupValueWrite;LL_ACK
182;01/05/2024 21:02:05 a  S=6;Bajo;1.1.5;Z35 ZONA 4;1/4/1;ZONA 4 - AMBIENTE;07 44 | 18,6;6;GroupValueWrite;LL_ACK
183;01/05/2024 21:02:08 a  S=0;Bajo;1.1.4;Z35 ZONA 3;1/3/1;ZONA 3 - AMBIENTE;07 62 | 18,9;6;GroupValueWrite;LL_ACK
184;01/05/2024 21:02:10 a  S=2;Bajo;1.1.3;Z41 Pro ZONA 1 ZONA 2;1/1/1;ZONA 1 - AMBIENTE;06 C2 | 17,3;6;GroupValueWrite;LL_ACK
185;01/05/2024 21:02:23 a  S=4;Bajo;1.1.6;Z35 ZONA 5;1/5/1;ZONA 5 - AMBIENTE;07 94 | 19,4;6;GroupValueWrite;LL_ACK
186;01/05/2024 21:05:55 a  S=6;Bajo;1.1.1;KLIC-MITT v2;2/1/9;AA - TEMP. INTERNA;07 08 | 18;6;GroupValueWrite;LL_ACK
187;01/05/2024 21:06:16 a  S=0;Bajo;1.1.7;Z35 ZONA 6;1/6/1;ZONA 6 - AMBIENTE;07 44 | 18,6;6;GroupValueWrite;LL_ACK
188;01/05/2024 21:07:05 a  S=2;Bajo;1.1.5;Z35 ZONA 4;1/4/1;ZONA 4 - AMBIENTE;07 44 | 18,6;6;GroupValueWrite;LL_ACK
189;01/05/2024 21:07:08 a  S=4;Bajo;1.1.4;Z35 ZONA 3;1/3/1;ZONA 3 - AMBIENTE;07 62 | 18,9;6;GroupValueWrite;LL_ACK
190;01/05/2024 21:07:10 a  S=6;Bajo;1.1.3;Z41 Pro ZONA 1 ZONA 2;1/1/1;ZONA 1 - AMBIENTE;06 C2 | 17,3;6;GroupValueWrite;LL_ACK
191;01/05/2024 21:07:22 a  S=0;Bajo;1.1.6;Z35 ZONA 5;1/5/1;ZONA 5 - AMBIENTE;07 94 | 19,4;6;GroupValueWrite;LL_ACK
192;01/05/2024 21:08:26 a  S=2;Bajo;1.1.3;Z41 Pro ZONA 1 ZONA 2;0/0/2;HORA;75 08 1C | Wednesday, 21:08:28;6;GroupValueWrite;LL_ACK
193;01/05/2024 21:08:26 a  S=4;Bajo;1.1.3;Z41 Pro ZONA 1 ZONA 2;0/0/1;FECHA;01 05 18 | no day, 1:05:24;6;GroupValueWrite;LL_ACK
194;01/05/2024 21:10:55 a  S=6;Bajo;1.1.1;KLIC-MITT v2;2/1/9;AA - TEMP. INTERNA;07 08 | 18;6;GroupValueWrite;LL_ACK
195;01/05/2024 21:11:16 a  S=0;Bajo;1.1.7;Z35 ZONA 6;1/6/1;ZONA 6 - AMBIENTE;07 44 | 18,6;6;GroupValueWrite;LL_ACK
196;01/05/2024 21:12:05 a  S=2;Bajo;1.1.5;Z35 ZONA 4;1/4/1;ZONA 4 - AMBIENTE;07 44 | 18,6;6;GroupValueWrite;LL_ACK
197;01/05/2024 21:12:08 a  S=4;Bajo;1.1.4;Z35 ZONA 3;1/3/1;ZONA 3 - AMBIENTE;07 62 | 18,9;6;GroupValueWrite;LL_ACK
198;01/05/2024 21:12:10 a  S=6;Bajo;1.1.3;Z41 Pro ZONA 1 ZONA 2;1/1/1;ZONA 1 - AMBIENTE;06 B8 | 17,2;6;GroupValueWrite;LL_ACK
199;01/05/2024 21:12:22 a  S=0;Bajo;1.1.6;Z35 ZONA 5;1/5/1;ZONA 5 - AMBIENTE;07 94 | 19,4;6;GroupValueWrite;LL_ACK
200;01/05/2024 21:15:55 a  S=2;Bajo;1.1.1;KLIC-MITT v2;2/1/9;AA - TEMP. INTERNA;07 08 | 18;6;GroupValueWrite;LL_ACK
201;01/05/2024 21:16:16 a  S=4;Bajo;1.1.7;Z35 ZONA 6;1/6/1;ZONA 6 - AMBIENTE;07 44 | 18,6;6;GroupValueWrite;LL_ACK
202;01/05/2024 21:17:05 a  S=6;Bajo;1.1.5;Z35 ZONA 4;1/4/1;ZONA 4 - AMBIENTE;07 44 | 18,6;6;GroupValueWrite;LL_ACK
203;01/05/2024 21:17:08 a  S=0;Bajo;1.1.4;Z35 ZONA 3;1/3/1;ZONA 3 - AMBIENTE;07 62 | 18,9;6;GroupValueWrite;LL_ACK
204;01/05/2024 21:17:10 a  S=2;Bajo;1.1.3;Z41 Pro ZONA 1 ZONA 2;1/1/1;ZONA 1 - AMBIENTE;06 C2 | 17,3;6;GroupValueWrite;LL_ACK
205;01/05/2024 21:17:22 a  S=4;Bajo;1.1.6;Z35 ZONA 5;1/5/1;ZONA 5 - AMBIENTE;07 94 | 19,4;6;GroupValueWrite;LL_ACK
206;01/05/2024 21:18:26 a  S=6;Bajo;1.1.3;Z41 Pro ZONA 1 ZONA 2;0/0/2;HORA;75 12 1C | Wednesday, 21:18:28;6;GroupValueWrite;LL_ACK
207;01/05/2024 21:18:26 a  S=0;Bajo;1.1.3;Z41 Pro ZONA 1 ZONA 2;0/0/1;FECHA;01 05 18 | no day, 1:05:24;6;GroupValueWrite;LL_ACK
208;01/05/2024 21:20:55 a  S=2;Bajo;1.1.1;KLIC-MITT v2;2/1/9;AA - TEMP. INTERNA;07 08 | 18;6;GroupValueWrite;LL_ACK
209;01/05/2024 21:21:16 a  S=4;Bajo;1.1.7;Z35 ZONA 6;1/6/1;ZONA 6 - AMBIENTE;07 44 | 18,6;6;GroupValueWrite;LL_ACK
210;01/05/2024 21:22:05 a  S=6;Bajo;1.1.5;Z35 ZONA 4;1/4/1;ZONA 4 - AMBIENTE;07 44 | 18,6;6;GroupValueWrite;LL_ACK
211;01/05/2024 21:22:08 a  S=0;Bajo;1.1.4;Z35 ZONA 3;1/3/1;ZONA 3 - AMBIENTE;07 62 | 18,9;6;GroupValueWrite;LL_ACK
212;01/05/2024 21:22:10 a  S=2;Bajo;1.1.3;Z41 Pro ZONA 1 ZONA 2;1/1/1;ZONA 1 - AMBIENTE;06 B8 | 17,2;6;GroupValueWrite;LL_ACK
213;01/05/2024 21:22:22 a  S=4;Bajo;1.1.6;Z35 ZONA 5;1/5/1;ZONA 5 - AMBIENTE;07 8A | 19,3;6;GroupValueWrite;LL_ACK
214;01/05/2024 21:25:55 a  S=6;Bajo;1.1.1;KLIC-MITT v2;2/1/9;AA - TEMP. INTERNA;07 08 | 18;6;GroupValueWrite;LL_ACK
215;01/05/2024 21:26:16 a  S=0;Bajo;1.1.7;Z35 ZONA 6;1/6/1;ZONA 6 - AMBIENTE;07 44 | 18,6;6;GroupValueWrite;LL_ACK
216;01/05/2024 21:26:33 a  S=2;Bajo;1.1.1;KLIC-MITT v2;2/1/9;AA - TEMP. INTERNA;06 A4 | 17;6;GroupValueWrite;LL_ACK
217;01/05/2024 21:27:05 a  S=4;Bajo;1.1.5;Z35 ZONA 4;1/4/1;ZONA 4 - AMBIENTE;07 44 | 18,6;6;GroupValueWrite;LL_ACK
218;01/05/2024 21:27:08 a  S=6;Bajo;1.1.4;Z35 ZONA 3;1/3/1;ZONA 3 - AMBIENTE;07 62 | 18,9;6;GroupValueWrite;LL_ACK
219;01/05/2024 21:27:10 a  S=0;Bajo;1.1.3;Z41 Pro ZONA 1 ZONA 2;1/1/1;ZONA 1 - AMBIENTE;06 C2 | 17,3;6;GroupValueWrite;LL_ACK
220;01/05/2024 21:27:20 a  S=2;Bajo;1.1.1;KLIC-MITT v2;2/1/9;AA - TEMP. INTERNA;07 08 | 18;6;GroupValueWrite;LL_ACK
221;01/05/2024 21:27:22 a  S=4;Bajo;1.1.6;Z35 ZONA 5;1/5/1;ZONA 5 - AMBIENTE;07 8A | 19,3;6;GroupValueWrite;LL_ACK
222;01/05/2024 21:28:26 a  S=6;Bajo;1.1.3;Z41 Pro ZONA 1 ZONA 2;0/0/2;HORA;75 1C 1C | Wednesday, 21:28:28;6;GroupValueWrite;LL_ACK
223;01/05/2024 21:28:26 a  S=0;Bajo;1.1.3;Z41 Pro ZONA 1 ZONA 2;0/0/1;FECHA;01 05 18 | no day, 1:05:24;6;GroupValueWrite;LL_ACK
224;01/05/2024 21:30:55 a  S=2;Bajo;1.1.1;KLIC-MITT v2;2/1/9;AA - TEMP. INTERNA;07 08 | 18;6;GroupValueWrite;LL_ACK
225;01/05/2024 21:31:16 a  S=4;Bajo;1.1.7;Z35 ZONA 6;1/6/1;ZONA 6 - AMBIENTE;07 44 | 18,6;6;GroupValueWrite;LL_ACK
226;01/05/2024 21:32:05 a  S=6;Bajo;1.1.5;Z35 ZONA 4;1/4/1;ZONA 4 - AMBIENTE;07 44 | 18,6;6;GroupValueWrite;LL_ACK
227;01/05/2024 21:32:08 a  S=0;Bajo;1.1.4;Z35 ZONA 3;1/3/1;ZONA 3 - AMBIENTE;07 62 | 18,9;6;GroupValueWrite;LL_ACK
228;01/05/2024 21:32:10 a  S=2;Bajo;1.1.3;Z41 Pro ZONA 1 ZONA 2;1/1/1;ZONA 1 - AMBIENTE;06 B8 | 17,2;6;GroupValueWrite;LL_ACK
229;01/05/2024 21:32:22 a  S=4;Bajo;1.1.6;Z35 ZONA 5;1/5/1;ZONA 5 - AMBIENTE;07 8A | 19,3;6;GroupValueWrite;LL_ACK
230;01/05/2024 21:35:55 a  S=6;Bajo;1.1.1;KLIC-MITT v2;2/1/9;AA - TEMP. INTERNA;07 08 | 18;6;GroupValueWrite;LL_ACK
231;01/05/2024 21:36:16 a  S=0;Bajo;1.1.7;Z35 ZONA 6;1/6/1;ZONA 6 - AMBIENTE;07 44 | 18,6;6;GroupValueWrite;LL_ACK
